Study_Hours,Score
1.0,35.0
2.0,40.0
3.0,67.55555555555556
4.0,55.0
5.0,65.0
5.333333333333333,70.0
7.0,78.0
8.0,85.0
10.0,95.0
